Gender_Female,age_group,Annual Income (k$)_group,Spending Score (1-100)_group,Age,Annual Income (k$),Spending Score (1-100),income_age_ratio,score_to_income_ratio,income_spending_interaction,age_spending_interaction,spending_relative_activity,relativeSpending_to_realtiveIncome,DiscretionarySpending,Income Percentile,Spending Percentile,Income_Deviation,Spending_Deviation,Cluster
False,0,0,0,-1.4245687900521393,-2.700828357850206,-0.43480147996914814,0.6780890907395637,0.19530693070764532,-0.8637173448211188,-1.119480019145093,1.179343521913271,0.08198285803472248,0.3866607881857748,-1.715371968624028,-0.7275967757340494,-2.8296228160036208,-0.43480147996914803,2
False,1,0,2,-1.2810354107017978,-2.700828357850206,1.195704069915157,0.36150214495814703,2.396689418744015,0.21318654100947548,-0.1351595099226119,2.741091653118891,0.03171061487768157,-1.2438038105487637,-1.715371968624028,1.2299850256456555,-2.8296228160036208,1.195704069915157,5
True,1,0,0,-1.3528021003769686,-2.5464961663332297,-1.7159129834496736,0.5813420693301369,-1.541079997264602,-1.7064922167734333,-1.7562123485483856,-1.0495569618649059,0.1232565522592525,1.6700935990887065,-1.6807179894599062,-1.5591359480015345,-2.649607589136258,-1.7159129834496736,2
True,1,0,2,-1.1375020313514563,-2.5464961663332297,1.0404178270690327,0.1579877090627074,2.1006751224158124,0.15379425823892615,-0.06338613945847263,2.290285391109106,0.034873184871713425,-1.086167984486346,-1.6807179894599062,1.1347044954900058,-2.649607589136258,1.040417827069033,5
True,1,0,0,-0.5633685139500905,-2.4032072945915006,-0.3959799192576171,-0.5431351326131982,0.16228591302012838,-0.7945070393601533,-0.6078384211221575,0.27002894889171014,0.0820416724815315,0.3524126089294576,-1.6460640102957844,-0.6756255774673315,-2.484670918601595,-0.39597991925761694,2
True,1,0,2,-1.209268721026627,-2.4032072945915006,1.0015962663575015,0.34665760455450306,1.972293790674615,0.1677661972845694,-0.164894191972041,2.3207330586860118,0.034460332108637186,-1.0451284757001464,-1.6460640102957844,1.0913951636010744,-2.484670918601595,1.0015962663575018,5
True,1,0,0,-0.2763017552494075,-2.2695921344547596,-1.7159129834496736,-0.7602682090781263,-1.5527053456615616,-1.7003206085940248,-1.6639323008087779,-1.2661329380213608,0.1288319809090279,1.6744114433867774,-1.6114100311316628,-1.5591359480015345,-2.332700991778278,-1.7159129834496736,2
True,1,0,2,-1.1375020313514563,-2.2695921344547596,1.700384359165061,0.2694564698616307,2.7905141998949112,0.6959034916676423,0.33751940127693375,2.7346227069537865,0.007231660830138855,-1.7418000968189216,-1.6114100311316628,1.619769012646039,-2.332700991778278,1.700384359165061,5
False,2,0,0,1.804932245330544,-2.144514382419149,-1.832377665584267,-1.6691103328218817,-1.7033048234509718,-1.7805870038126597,-1.6823883103566994,-1.4679862723922144,0.13602517859662566,1.792864436169039,-1.55942906238548,-1.689063943668329,-2.191985207045183,-1.832377665584267,2
True,1,0,2,-0.6351352036252612,-2.144514382419149,0.8463100235113773,-0.3865004122576806,1.6438651111061484,0.13100097247816567,0.33546873354938694,1.3481706714687505,0.036759077023610004,-0.885755976037702,-1.55942906238548,0.8315391722674855,-2.191985207045183,0.8463100235113775,5
False,2,0,0,2.0202323143560563,-2.144514382419149,-1.405340497757425,-1.7211096226168914,-1.1696980222896918,-1.4758410945489049,-0.9174892479817297,-1.2128639613522574,0.12051936626212957,1.3658379936433265,-1.55942906238548,-1.3339274221790907,-2.191985207045183,-1.405340497757425,2
True,1,0,2,-0.2763017552494075,-2.144514382419149,1.8944921627227165,-0.725218932960993,2.953627259411108,0.8790136588528364,1.6735294257736972,1.7238811033668104,-0.0034344076948864912,-1.933911789509905,-1.55942906238548,1.7237114091794745,-2.191985207045183,1.8944921627227165,5
True,1,0,0,1.3743321072795196,-2.027021622600616,-1.3665189370458939,-1.5286258033614994,-1.1328492388570444,-1.4413688369859683,-0.9872119507183221,-1.1435306439471864,0.1216006175757744,1.3289114707078544,-1.4901211040572366,-1.2732943575345865,-2.0611173635247284,-1.3665189370458939,2
True,1,0,2,-1.0657353416762856,-2.027021622600616,1.0404178270690327,0.24267003725535144,1.826554238167542,0.3042646714919835,0.015564568052080549,1.9934736584375432,0.02736055319235511,-1.077964841709797,-1.4901211040572366,1.1347044954900058,-2.0611173635247284,1.040417827069033,5
False,1,0,0,-0.13276837589906598,-2.027021622600616,-1.444162058468956,-0.8043990295720448,-1.22831386714816,-1.4976795953239666,-1.3860668237261817,-1.007432260403022,0.12456949994426987,1.4065526420761656,-1.4901211040572366,-1.3945604868235948,-2.0611173635247284,-1.444162058468956,2
False,1,0,2,-1.209268721026627,-2.027021622600616,1.118060948492095,0.5068465918086311,1.9220188664586577,0.3605754298299818,-0.09722215696299542,2.28539294344869,0.024247067639795394,-1.1556060130781083,-1.4901211040572366,1.1953375601345102,-2.0611173635247284,1.118060948492095,5
True,1,0,0,-0.2763017552494075,-1.9163082261800275,-0.5900877228152724,-0.6602178927425735,-0.2033458587641572,-0.8632038497904724,-0.6232184290787588,-0.16648667753236088,0.09281371571884454,0.5543056912777236,-1.438140135311054,-0.8228773058896987,-1.938930040755151,-0.5900877228152723,2
False,1,0,2,-1.3528021003769686,-1.9163082261800275,0.6133806592421909,0.8726714930375218,1.2540864515376682,0.022949462113670476,-0.5258117120202841,2.026382940678973,0.043153896715545044,-0.6491324649311022,-1.438140135311054,0.7362586421118359,-1.938930040755151,0.613380659242191,5
False,1,0,0,0.9437319692284951,-1.7125677464543414,-0.823017087084459,-1.3168825617865156,-0.5227579415801182,-1.0113819407768432,-0.33304894563088155,-0.7495486443797617,0.10573473709123679,0.7906070379985799,-1.403486156146932,-0.9528053015564931,-1.7168326236685305,-0.8230170870844588,2
True,1,0,2,-0.2763017552494075,-1.7125677464543414,1.8556706020111853,-0.6010184531772043,2.632388425756443,1.016546103303978,1.6376427405416276,1.561542522967264,-0.01775002272396502,-1.888013374208161,-1.403486156146932,1.7063876764239019,-1.7168326236685305,1.8556706020111853,5
False,1,0,0,-0.2763017552494075,-1.6184394001691185,-0.5900877228152724,-0.5732911058748084,-0.2686942294561687,-0.8218272795195275,-0.6232184290787588,-0.21443854290063238,0.09663454961969876,0.5592682576297175,-1.3688321769828105,-0.8228773058896987,-1.6153885622518966,-0.5900877228152723,2
False,1,0,2,-0.9939686520011148,-1.6184394001691185,0.8851315842229084,0.28637834143766655,1.4468860396924383,0.3093483007677383,-0.008018110814708063,1.6292971890576131,0.025720901005451706,-0.9159139983681976,-1.3688321769828105,0.9008341032897756,-1.6153885622518966,0.8851315842229086,5
True,1,0,0,0.5131318311774707,-1.5288573247134885,-1.7547345441612048,-1.0805000983787085,-1.6258170764255446,-1.7130470900692123,-1.6434256235333096,-1.3829885197219334,0.15510764791815315,1.7254083992099483,-1.3341781978186886,-1.6111071462682525,-1.5195058290929593,-1.7547345441612048,2
False,1,0,2,-0.5633685139500905,-1.5288573247134885,0.8851315842229084,-0.2631332323897705,1.4072124183366501,0.33582601847450944,0.441078121518049,1.1294775014852676,0.023448732121218025,-0.9143914273126373,-1.3341781978186886,0.9008341032897756,-1.5195058290929593,0.8851315842229086,5
True,1,0,0,1.0872653485788366,-1.2837211137163462,-1.405340497757425,-1.2865587681420814,-1.2446371347788696,-1.4277346402756181,-1.1041000111884918,-1.1796964046413294,0.14965107357997687,1.3802623085229233,-1.2821972290725059,-1.3339274221790907,-1.260311551900306,-1.405340497757425,2
False,1,0,2,-0.706901893300432,-1.2837211137163462,1.234525630626688,-0.005833780667190515,1.690033115634337,0.68980908320174,0.558991515851992,1.4523527194227868,-0.005587612882874795,-1.259537517999662,-1.2821972290725059,1.255970624779014,-1.260311551900306,1.2345256306266883,5
True,1,0,0,0.44136514150229994,-1.2837211137163462,-0.7065524049498657,-0.9837488766958901,-0.4678126567283149,-0.8672083605316115,-0.4027716483674739,-0.6024820581567395,0.10969126674681776,0.6814917662081214,-1.2821972290725059,-0.9008341032897754,-1.260311551900306,-0.7065524049498656,2
False,1,0,2,-0.2763017552494075,-1.2837211137163462,0.4192728556845355,-0.47272940949646625,0.783737891242023,0.03586175683373236,0.3098353869550515,0.506114589892206,0.0436230857900117,-0.44430521863239303,-1.2821972290725059,0.6756255774673319,-1.260311551900306,0.41927285568453565,5
True,1,0,0,0.08253169312644625,-1.2088627943937047,-0.7453739656613968,-0.7386640159358326,-0.5243047813050583,-0.8886296671254278,-0.6078384211221575,-0.5352498351347086,0.11429053621131702,0.7216284299839286,-1.2302162603263234,-0.9268197024231344,-1.1820587015664228,-0.7453739656613967,2
True,1,0,2,-1.1375020313514563,-1.2088627943937047,1.4286334341843434,0.722257128599994,1.8683930737007417,0.8727868494600434,0.1724406492094135,2.1311496891225277,-0.022382924453050474,-1.4523243683287888,-1.2302162603263234,1.368574887690236,-1.1820587015664228,1.4286334341843434,5
False,2,0,0,1.517865486629861,-1.137005851122273,-1.7935561048727358,-1.4120073588181588,-1.6795588864964228,-1.7366711136204036,-1.6331722848955754,-1.4497902626230037,0.18302224800121877,1.7710571635826,-1.1955622811622015,-1.66307834453497,-1.1073262643915542,-1.7935561048727358,2
True,1,0,2,-1.2810354107017978,-1.137005851122273,0.8851315842229084,1.0734925280128913,1.24043597688739,0.4545689744141332,-0.3074155990365461,1.8930911312090062,0.009413398701954226,-0.9075632486241412,-1.1955622811622015,0.9008341032897756,-1.1073262643915542,0.8851315842229086,5
False,1,0,0,1.0154986589036659,-0.9373967321407826,-1.7935561048727358,-1.1847273591432952,-1.6839930615100573,-1.733254083979022,-1.6618816330812312,-1.4402115561063848,0.20400377426584904,1.7746431499716757,-1.1435813124160188,-1.66307834453497,-0.9016437668702295,-1.7935561048727358,2
False,0,0,2,-1.49633547972731,-0.9373967321407826,1.622741237741999,1.7857930832117161,1.9425065081577437,1.1365456079435363,-0.18129953379241567,2.859366185324057,-0.06269665051813292,-1.6415683902340228,-1.1435813124160188,1.5504740816237483,-0.9016437668702295,1.622741237741999,5
True,1,0,0,0.728431900202983,-0.9373967321407826,-1.405340497757425,-1.05293323031016,-1.2718908376841709,-1.4071404826241858,-1.175873381652631,-1.161340812460789,0.17539028413987368,1.3864372931301194,-1.1435813124160188,-1.3339274221790907,-0.9016437668702295,-1.405340497757425,2
True,1,0,2,-1.2810354107017978,-0.9373967321407826,1.195704069915157,1.1713947482726283,1.4891940619492685,0.7778206464532166,-0.1351595099226119,2.0882855969782907,-0.027394587156672714,-1.2145419477083104,-1.1435813124160188,1.2299850256456555,-0.9016437668702295,1.195704069915157,5
True,1,0,0,0.22606507247678773,-0.875596724480188,-1.288875815622832,-0.7477232780699611,-1.1539721030795962,-1.3047491565921503,-1.1471640334669753,-1.014305457658242,0.17277514674773123,1.271100849236613,-1.091600343669836,-1.1866756937567233,-0.8385192150890108,-1.288875815622832,2
True,1,0,2,-0.6351352036252612,-0.875596724480188,0.8851315842229084,0.049849658408293536,1.1349845725560321,0.5364991142321526,0.3662287494625895,1.0188140545247997,-0.006687201908822185,-0.9028519490761047,-1.091600343669836,0.9008341032897756,-0.8385192150890108,0.8851315842229086,5
True,1,0,0,-0.20453506557423673,-0.7023863926411141,-0.9394817692190521,-0.35853055219402946,-0.8101301317966726,-0.9890605255542789,-0.9195399157092765,-0.6540409258412422,0.16128657242405708,0.9249081092183223,-1.0569463645057142,-1.0394239653343562,-0.6629499293234483,-0.939481769219052,2
True,1,0,2,-1.3528021003769686,-0.7023863926411141,0.9627747056459706,1.479619699887485,1.1474270660088361,0.6592975878829211,-0.3412516165410689,1.9383517545358087,-0.03191429268847675,-0.9773005893053056,-1.0569463645057142,1.0307620989565704,-0.6629499293234483,0.9627747056459707,5
True,2,0,0,1.8766989350057148,-0.648314499646305,-0.5900877228152724,-1.4333822209634826,-0.4604927571383355,-0.6778932354229563,0.45338212788333,-0.8702197694101601,0.13141036278432142,0.5765312216565267,-1.0222923853415924,-0.8228773058896987,-0.608541165364122,-0.5900877228152723,0
False,1,0,2,-1.0657353416762856,-0.648314499646305,1.622741237741999,0.829855308338826,1.800520044359332,1.2532770068223584,0.38468475901051097,1.9755752114040248,-0.11688380281221673,-1.6362421623403463,-1.0222923853415924,1.5504740816237483,-0.608541165364122,1.622741237741999,5
False,1,0,0,0.6566652105278122,-0.5959007194648305,-0.5512661621037414,-0.9349648160376222,-0.4306266834356955,-0.6355841576291252,-0.1074754956007296,-0.6345186278654205,0.13180263659325897,0.5386934881065601,-0.9703114165954096,-0.7622442412451946,-0.5559784150451736,-0.5512661621037412,2
True,1,0,2,-0.5633685139500905,-0.5959007194648305,0.4192728556845355,0.06108606937060049,0.5542394746231355,0.21727373604575767,0.059653924194337515,0.5571623921789861,0.01814728325152089,-0.43182115399733156,-0.9703114165954096,0.6756255774673319,-0.5559784150451736,0.41927285568453565,5
True,1,0,0,0.728431900202983,-0.5959007194648305,-0.86183864779599,-0.972780999527382,-0.7457838540145214,-0.9084986836050877,-0.47249435110406635,-0.8363586267805612,0.16687797293064768,0.8492581735798055,-0.9703114165954096,-0.9874527670676383,-0.5559784150451736,-0.8618386477959898,2
True,1,0,2,-1.0657353416762856,-0.5959007194648305,0.5745590985306598,0.8535897663773904,0.7118180599125482,0.353730999033739,-0.2797315847146638,1.1619651501021815,-0.0006382503723972606,-0.5871034967339542,-0.9703114165954096,0.7189349093562633,-0.5559784150451736,0.57455909853066,5
True,1,0,1,0.8001985898781537,-0.5450531450749857,0.18634349141534906,-0.9972063992839012,0.3034645460847786,0.02514732950998876,0.9404157131757035,-0.26895982632744725,0.044099723800400885,-0.19793905820956736,-0.9010034582671662,0.32048905597809335,-0.5051513723860388,0.18634349141534917,0
True,1,0,1,-0.8504352726507735,-0.5450531450749857,-0.12422899427689955,0.4875196907181295,-0.009597053497067303,-0.24959403107633063,-0.5781037390727284,0.3453379829554389,0.08369313767416928,0.11262562726367799,-0.9010034582671662,-0.20788479306687108,-0.5051513723860388,-0.12422899427689946,4
True,1,0,1,-0.706901893300432,-0.5450531450749857,-0.31833679783455493,0.2702643188206736,-0.20526055323572098,-0.4213073814427802,-0.6303957661251727,0.07442545940197359,0.10805541791635974,0.30672855568445634,-0.9010034582671662,-0.5023882499116055,-0.5051513723860388,-0.3183367978345548,4
True,1,0,1,-0.5633685139500905,-0.5450531450749857,-0.31833679783455493,0.07954821682747389,-0.20526055323572098,-0.4213073814427802,-0.5442677215682056,-0.015370748381855509,0.10805541791635974,0.30672855568445634,-0.9010034582671662,-0.5023882499116055,-0.5051513723860388,-0.3183367978345548,4
True,1,0,1,0.728431900202983,-0.44772443320936356,0.06987880928075582,-0.9371928413315225,0.1602985177004779,-0.054976838842486754,0.733298272693473,-0.32257242083198817,0.0571550150023911,-0.07962835240034388,-0.8490224895209836,0.14725172842236747,-0.4083084488820132,0.06987880928075593,0
False,1,0,2,-0.41983513459974897,-0.44772443320936356,0.38045129497300445,-0.055579168290261355,0.4693958205836918,0.22328818972343162,0.1509086380701717,0.39413840884811996,0.009343626533119296,-0.3901930378735892,-0.8490224895209836,0.6323162455784005,-0.4083084488820132,0.38045129497300456,4
True,1,0,1,-0.5633685139500905,-0.4010928300800851,0.14752193070381797,0.13227509390922676,0.22489760997222533,0.026070051223052754,-0.16284352424449416,0.31703698806065544,0.04291088773186045,-0.15637705720657588,-0.7970415207748008,0.2338703922002302,-0.3621143871875671,0.14752193070381808,4
False,1,0,2,1.4460987969546903,-0.4010928300800851,0.38045129497300445,-1.243087157609818,0.4553122278625183,0.23604444852794257,1.7504294655567036,-0.3742723838505473,0.0032427859433051542,-0.3893005713115099,-0.7970415207748008,0.6323162455784005,-0.3621143871875671,0.38045129497300456,0
True,1,0,1,0.8001985898781537,-0.4010928300800851,-0.20187211569996172,-0.9631182550598126,-0.12072431686321435,-0.28889154473428225,0.4277487812889945,-0.4954938845732268,0.10100694889876612,0.19300821395082512,-0.7970415207748008,-0.3551365214892382,-0.3621143871875671,-0.2018721156999616,0
False,1,0,0,0.5848985208526415,-0.4010928300800851,-0.357158358546086,-0.846858810455553,-0.27433406212340955,-0.4288744762708755,0.09656594329018056,-0.5246063754833918,0.12630709547807867,0.3482905566874478,-0.7970415207748008,-0.606330646445041,-0.3621143871875671,-0.35715835854608585,0
True,1,0,1,0.8719652795533244,-0.3557252966261515,-0.007764312142306325,-0.988295997093473,0.059952312663547246,-0.10352156623279923,0.73534894042102,-0.4178196618111148,0.0689352695026266,-0.000222305043780709,-0.7450605520286183,0.008661866377786504,-0.3172980597535786,-0.007764312142306216,0
False,2,0,1,2.163765693706398,-0.3557252966261515,-0.16305055498843063,-1.462711557043024,-0.09275058843276937,-0.24433580289585174,1.3751572714156326,-0.7510158281485343,0.0974203562676268,0.15506003769284196,-0.7450605520286183,-0.2945034568447342,-0.3172980597535786,-0.16305055498843052,0
True,1,0,1,-0.8504352726507735,-0.26853801459273813,0.03105724856922475,0.6026364981606335,0.0761382679881517,-0.04780860638577618,-0.4673676817851993,0.4179299309922122,0.05982186621961713,-0.03735477321389468,-0.6930795832824356,0.077956797400077,-0.23151304088388663,0.031057248569224864,4
False,1,0,1,1.0154986589036659,-0.26853801459273813,-0.16305055498843063,-1.0365343964120544,-0.11258449858327618,-0.2258371277715781,0.6205115476783971,-0.5450064179236533,0.10498820779533345,0.15674815520688365,-0.6930795832824356,-0.2945034568447342,-0.23151304088388663,-0.16305055498843052,0
False,2,0,1,2.2355323833815683,-0.26853801459273813,0.22516505212688012,-1.4668160776426113,0.26486103455957954,0.13021991500002575,2.1400563337906027,-0.6162900983848562,0.013635682419023028,-0.23145770163467302,-0.6930795832824356,0.41576958613374293,-0.23151304088388663,0.22516505212688023,0
False,0,0,1,-1.4245687900521393,-0.26853801459273813,0.18634349141534906,1.931401144038752,0.22711648124529388,0.09461421072286533,-0.807778524557974,1.2117767373208195,0.022956722173794304,-0.19263711595051736,-0.6930795832824356,0.32048905597809335,-0.23151304088388663,0.18634349141534917,4
True,2,0,1,2.0202323143560563,-0.22660656318746167,0.06987880928075582,-1.3986115380470203,0.10320864570908751,-0.0020785328499569947,1.6930107691853922,-0.6460863243883295,0.04792965449989047,-0.07535805322234228,-0.6410986145362528,0.14725172842236747,-0.19041457962163486,0.06987880928075593,0
True,1,0,1,1.0872653485788366,-0.22660656318746167,0.34162973426147336,-1.0596538169063745,0.36598361065613566,0.24852429295190837,1.3874612777809137,-0.3222443262829251,-0.027336658861509603,-0.34710215301143194,-0.6410986145362528,0.56302131455611,-0.19041457962163486,0.34162973426147347,0
False,2,0,1,1.7331655556553733,-0.1857150333698828,0.03105724856922475,-1.3007864249856442,0.055526118218017444,-0.028154016807344088,1.415145292102796,-0.6153857064907092,0.056662493401931795,-0.03573701473258664,-0.5717906562080092,0.077956797400077,-0.15043334513929496,0.031057248569224864,0
False,0,0,1,-1.49633547972731,-0.1857150333698828,0.34162973426147336,2.222578550673735,0.3542492663369866,0.25977469028498734,-0.7903478488738259,1.459033758544651,-0.044264222351021974,-0.346301700205832,-0.5717906562080092,0.56302131455611,-0.15043334513929496,0.34162973426147347,4
True,1,0,1,0.2978317621519585,-0.1857150333698828,-0.007764312142306325,-0.6080144866763849,0.0181857247031461,-0.06414510519388542,0.32521539491165274,-0.25923320109242354,0.0689352695026266,0.003083570951569027,-0.5717906562080092,0.008661866377786504,-0.15043334513929496,-0.007764312142306216,0
True,2,0,1,2.091999004031227,-0.1857150333698828,-0.08540743356536848,-1.4120188594367298,-0.05649506232659607,-0.13612728196696833,1.4674373191552403,-0.7249643706375148,0.09326210681532868,0.08072474231988036,-0.5717906562080092,-0.12992799566679428,-0.15043334513929496,-0.08540743356536837,0
False,0,0,1,-1.4245687900521393,-0.1857150333698828,0.34162973426147336,1.9786756330420723,0.3542492663369866,0.25977469028498734,-0.7298531509111943,1.3393067352685912,-0.044264222351021974,-0.346301700205832,-0.5717906562080092,0.56302131455611,-0.15043334513929496,0.34162973426147347,4
True,1,0,1,-0.49160182427491966,-0.1857150333698828,-0.12422899427689955,0.12183886964138033,-0.09383545584146741,-0.17211837035350966,-0.3371502810859752,0.02965828534549801,0.10531788844374047,0.11954532800403603,-0.5717906562080092,-0.20788479306687108,-0.15043334513929496,-0.12422899427689946,4
False,2,1,1,2.2355323833815683,-0.1458164819930736,0.18634349141534906,-1.4450868257455427,0.1942817379633181,0.12608610881868604,2.068282963326463,-0.6446099921099112,-0.005912688279979795,-0.1902350765387375,-0.5024826978797657,0.32048905597809335,-0.11151538340643015,0.18634349141534917,0
True,1,1,1,0.5848985208526415,-0.1458164819930736,-0.31833679783455493,-0.781631471907863,-0.28863651580119976,-0.344226859061593,0.1447566348875312,-0.5329786650097784,0.18327171257743,0.3144325373552862,-0.5024826978797657,-0.5023882499116055,-0.11151538340643015,-0.3183367978345548,0
True,2,1,1,1.517865486629861,-0.10686699208358995,-0.046585872853837404,-1.209179445456644,-0.0377711942527565,-0.08200793077215258,1.1352291472926528,-0.6166055583614732,0.08716586970928358,0.043457187155919265,-0.46782871871564397,-0.060633064644503985,-0.07361042024239366,-0.04658587285383729,0
True,2,1,1,1.517865486629861,-0.10686699208358995,0.22516505212688012,-1.209179445456644,0.2209520567169088,0.17251943976339087,1.5658693700774884,-0.4972912060022451,-0.043998095584956924,-0.2282869126331704,-0.46782871871564397,0.41576958613374293,-0.07361042024239366,0.22516505212688023,0
False,1,1,1,1.4460987969546903,0.04022614839423691,-0.12422899427689955,-1.1510372435894558,-0.1444239479144474,-0.12191065058452516,0.963998392042492,-0.6530413468185757,0.7976496130055971,0.12402960593617382,-0.34653979164121756,-0.20788479306687108,0.06877318590787718,-0.12422899427689946,0
False,1,1,1,-0.9222019623259441,0.04022614839423691,0.14752193070381797,0.863143237609591,0.10942435042346217,0.1375047136187731,-0.439683667463317,0.5083717357619326,-1.6603323359680624,-0.14771449385291585,-0.34653979164121756,0.2338703922002302,0.06877318590787718,0.14752193070381808,4
True,1,1,1,0.44136514150229994,0.04022614839423691,0.1087003699922869,-0.6426692915320878,0.07316030780376076,0.10044537587544465,0.5661688528984059,-0.2777094484948871,-1.0735802133486914,-0.10889390816876018,-0.34653979164121756,0.19922292668908537,0.06877318590787718,0.10870036999228701,0
False,1,1,1,0.08253169312644625,0.04022614839423691,-0.08540743356536848,-0.37882102665621364,-0.108159905294746,-0.08485131284119699,0.08938860624376664,-0.25668699547356844,0.5823580182301167,0.08520902025201815,-0.34653979164121756,-0.12992799566679428,0.06877318590787718,-0.08540743356536837,0
True,1,1,1,-1.1375020313514563,0.04022614839423691,0.06987880928075582,1.3111928829585189,0.036896265184059356,0.06338603813211648,-0.6529531111281879,0.6547859115128043,-0.6181587161566028,-0.07007332248460452,-0.34653979164121756,0.14725172842236747,0.06877318590787718,0.06987880928075593,4
True,1,1,1,0.728431900202983,0.04022614839423691,-0.31833679783455493,-0.8164380878803855,-0.32574416101295417,-0.3072073393011668,0.2308846794444983,-0.5914877986415175,1.6263636063501152,0.31813253435695216,-0.34653979164121756,-0.5023882499116055,0.06877318590787718,-0.3183367978345548,0
False,1,1,1,1.3025654176043489,0.04022614839423691,0.03105724856922475,-1.0932016329430063,0.0006322225643579504,0.02632670038878805,1.10139312978813,-0.5536441983306635,-0.24589736646360838,-0.03125273680044885,-0.34653979164121756,0.077956797400077,0.06877318590787718,0.031057248569224864,0
False,1,1,1,-0.061001686223895235,0.04022614839423691,0.18634349141534906,-0.25477063792014154,0.14568839304316358,0.1745640513621015,0.26369536308524766,-0.028550353083833448,-2.4863023730687246,-0.18653507953707152,-0.34653979164121756,0.32048905597809335,0.06877318590787718,0.18634349141534917,4
False,2,1,0,2.0202323143560563,0.04022614839423691,-0.357158358546086,-1.3488224482112747,-0.36200820363265557,-0.3442666770444952,0.9373397115843832,-0.845734112256555,1.758294844265707,0.35695312004110785,-0.34653979164121756,-0.606330646445041,0.06877318590787718,-0.35715835854608585,0
True,1,1,1,0.5131318311774707,0.04022614839423691,-0.24069367641149278,-0.6888310995354362,-0.25321607577355165,-0.23308866381451018,0.1960233280762021,-0.49207505103595905,1.3338543500584874,0.24049136298864082,-0.34653979164121756,-0.37246025424481083,0.06877318590787718,-0.24069367641149267,0
True,1,1,1,-1.2810354107017978,0.04022614839423691,0.2639866128384112,1.6752703060988785,0.21821647828256638,0.2486827268487581,-0.6519277772644145,0.9980933482458811,-13.311946923069158,-0.2641762509053829,-0.34653979164121756,0.4677407844004604,0.06877318590787718,0.2639866128384113,4
False,1,1,1,0.6566652105278122,0.04022614839423691,-0.16305055498843063,-0.7756064830675906,-0.18068799053414883,-0.15896998832785358,0.38468475901051097,-0.49028136861953464,0.9924243727623688,0.1628501916203295,-0.34653979164121756,-0.2945034568447342,0.06877318590787718,-0.16305055498843052,0
True,1,1,1,1.1590320382540074,0.14236445445927148,0.30280817354994227,-1.0079610364656406,0.22696956608895497,0.31422895650838867,1.3915626132360073,-0.4093619863935043,0.30087786237540765,-0.30093508206526765,-0.22525086456679141,0.5023882499116057,0.16694449449838966,0.3028081735499424,0
True,1,1,1,-1.209268721026627,0.14236445445927148,0.18634349141534906,1.5385238079555787,0.1196004186512289,0.20157748335169823,-0.63859843703536,0.8140652901990831,0.2169509446500916,-0.18447332501280067,-0.22525086456679141,0.32048905597809335,0.16694449449838966,0.18634349141534917,4
True,1,1,2,-0.3480684449245782,0.17501173217862062,0.38045129497300445,0.08267420425625213,0.2895464329996486,0.39881517505479525,0.21242866989657677,0.22347459572499054,0.28370466706374053,-0.3779126375186323,-0.1905968854026696,0.6323162455784005,0.19820574563595184,0.38045129497300456,4
True,1,1,1,0.8001985898781537,0.17501173217862062,-0.16305055498843063,-0.8219924225358363,-0.20940898994303214,-0.12910492151288017,0.4790154744776654,-0.5442038955026408,-0.023711139659117732,0.16557556205954704,-0.1905968854026696,-0.2945034568447342,0.19820574563595184,-0.16305055498843052,0
True,2,1,1,2.091999004031227,0.2070033086022442,0.18634349141534906,-1.3390316850558057,0.10330160000269036,0.21882094546288536,1.9554962383113872,-0.658135137817907,0.15701634914852308,-0.18315724692114926,-0.15594290623854778,0.32048905597809335,0.22878432829825882,0.18634349141534917,0
False,0,1,0,-1.49633547972731,0.2070033086022442,-0.357158358546086,2.4614993724636762,-0.3936056311719174,-0.31127517416936534,-1.1225560207364134,0.6300219976467343,-0.09984947743942134,0.36033095265703013,-0.15594290623854778,-0.606330646445041,0.22878432829825882,-0.35715835854608585,4
False,1,1,1,0.6566652105278122,0.23836329680495807,-0.046585872853837404,-0.7240035441446346,-0.11665164506687155,-0.0008729164945204294,0.5323328353938832,-0.4539977423412133,0.053900371107919766,0.05040794436648123,-0.08663494791030435,-0.060633064644503985,0.25870692473912504,-0.04658587285383729,0
True,1,1,0,0.08253169312644625,0.23836329680495807,-0.3959799192576171,-0.31784831329063784,-0.4348075788171137,-0.3430247424585598,-0.2387182301637271,-0.47399465241008143,-0.08663083360466219,0.39979321552388225,-0.08663494791030435,-0.6756255774673315,0.25870692473912504,-0.39597991925761694,0
True,1,1,1,-0.49160182427491966,0.23836329680495807,-0.31833679783455493,0.2797064259147558,-0.3641062602059488,-0.2669910033554399,-0.5012036992897221,-0.18226076385230808,-0.05455673041446272,0.3221520441555709,-0.08663494791030435,-0.5023882499116055,0.25870692473912504,-0.3183367978345548,4
False,1,1,1,-1.0657353416762856,0.23836329680495807,0.06987880928075582,1.2460292221236953,-0.010599667150124085,0.11317769216015927,-0.5996357502119701,0.5367063037430708,0.09867755263678314,-0.06605381268598577,-0.08663494791030435,0.14725172842236747,0.25870692473912504,0.06987880928075593,4
True,1,1,1,0.5848985208526415,0.23836329680495807,-0.12422899427689955,-0.6804920805719231,-0.18735296367803644,-0.07690665559764032,0.3857100928742844,-0.47399465241008143,0.023494936791773873,0.12804911573479258,-0.08663494791030435,-0.20788479306687108,0.25870692473912504,-0.12422899427689946,0
True,1,1,1,-0.8504352726507735,0.23836329680495807,-0.007764312142306325,0.8209892850642984,-0.08130098576128897,0.03714395305703938,-0.49505169610708155,0.2837922120284381,0.0689352695026266,0.011587358682325565,-0.08663494791030435,0.008661866377786504,0.25870692473912504,-0.007764312142306216,4
False,1,1,1,0.6566652105278122,0.2691145376952167,-0.31833679783455493,-0.7159088896193883,-0.36995594750791905,-0.260675238607503,0.18782065716601476,-0.5991151809550617,-0.03659677454730316,0.3227832870993427,-0.017326989582060717,-0.5023882499116055,0.28799873643163404,-0.3183367978345548,0
False,1,1,1,-1.3528021003769686,0.2691145376952167,-0.046585872853837404,2.0114749034635953,-0.12347628025250361,0.006495475711406089,-0.8744252257032462,0.7464737348139857,0.056037691792683475,0.051039187310252976,-0.017326989582060717,-0.060633064644503985,0.28799873643163404,-0.04658587285383729,4
True,1,1,0,-1.1375020313514563,0.29927868672426594,-0.357158358546086,1.4413276566469841,-0.4107426139927075,-0.2927757445871195,-0.9123625786628626,0.2147829682308742,-0.03522454302244184,0.36222501540571356,0.05198096874618272,-0.606330646445041,0.31668358958243964,-0.35715835854608585,4
True,1,1,1,0.728431900202983,0.29927868672426594,-0.08540743356536848,-0.7500526248998409,-0.16521482474066063,-0.024569245574025688,0.5323328353938832,-0.5010339370929112,0.046242673661383515,0.09048091561662389,0.05198096874618272,-0.12992799566679428,0.31668358958243964,-0.08540743356536837,0
False,2,1,1,2.0202323143560563,0.29927868672426594,0.34162973426147336,-1.2992492996964873,0.2206145583696991,0.39689811001797953,2.1738923512951254,-0.5969573728426253,0.1680472644863815,-0.33654552690908845,0.05198096874618272,0.56302131455611,0.31668358958243964,0.34162973426147347,0
False,1,1,1,-0.9222019623259441,0.29927868672426594,0.18634349141534906,0.9802970409159694,0.08031296451138656,0.24363725343906842,-0.4130249870052081,0.4833629245606926,0.1245892338297046,-0.18126318417246579,0.05198096874618272,0.32048905597809335,0.31668358958243964,0.18634349141534917,4
False,1,1,1,0.728431900202983,0.29927868672426594,0.22516505212688012,-0.7500526248998409,0.11538836297596469,0.2819524675837962,0.934263709993063,-0.3468123355546199,0.13554060398640436,-0.22008376985662145,0.05198096874618272,0.41576958613374293,0.31668358958243964,0.22516505212688023,0
True,1,1,1,-1.2810354107017978,0.29927868672426594,-0.31833679783455493,1.8157846747756645,-0.37566721552812943,-0.25446053044239203,-0.9749079443530411,0.3918897466593177,-0.023385833094539343,0.3234044297215579,0.05198096874618272,-0.5023882499116055,0.31668358958243964,-0.3183367978345548,4
True,2,1,1,1.9484656246808856,0.32887629339565977,-0.007764312142306325,-1.2705413637861624,-0.10170499228138846,0.059343128747962104,1.5043493382510833,-0.7217091581049341,0.0689352695026266,0.013451104689378861,0.15594290623854817,0.008661866377786504,0.3447840315252166,-0.007764312142306216,0
False,1,1,1,1.0872653485788366,0.32887629339565977,-0.16305055498843063,-0.9309969274081362,-0.24147530898211036,-0.09450028351355154,0.6676769054119743,-0.628340507770903,0.028250993828079184,0.16873344742600155,0.15594290623854817,-0.2945034568447342,0.3447840315252166,-0.16305055498843052,0
False,2,1,1,2.091999004031227,0.32887629339565977,-0.27951523712302384,-1.3158158951399188,-0.3463030465076518,-0.20988284270968643,1.118823805472278,-0.8485340151708882,-0.002802191965577192,0.2851952044784685,0.15594290623854817,-0.40710771975595605,0.3447840315252166,-0.27951523712302373,0
False,2,1,1,1.9484656246808856,0.32887629339565977,-0.08540743356536848,-1.2705413637861624,-0.1715901506317494,-0.01757857738279485,1.369005268232992,-0.7521011003113184,0.048694276564125095,0.0910922760576902,0.15594290623854817,-0.12992799566679428,0.3447840315252166,-0.08540743356536837,0
False,2,1,1,1.8766989350057148,0.32887629339565977,0.06987880928075582,-1.2468907344468168,-0.03181983393102751,0.1362648348787188,1.5863760473529567,-0.6794736651360594,0.08897793683391944,-0.06419006667893247,0.15594290623854817,0.14725172842236747,0.3447840315252166,0.06987880928075593,0
True,0,1,1,-1.4245687900521393,0.32887629339565977,0.14752193070381797,2.2796101061650598,0.038065324419333184,0.21318654100947548,-0.827259867969669,1.0157982667120944,0.10882612735120022,-0.14183123804724382,0.15594290623854817,0.2338703922002302,0.3447840315252166,0.14752193070381808,4
True,1,1,1,-0.061001686223895235,0.3579268742765221,-0.31833679783455493,-0.15179610337141533,-0.38669642880271576,-0.2423216995830961,-0.24281956561882076,-0.38965386497625476,-0.005247963894578224,0.324617671764507,0.2252508645667918,-0.5023882499116055,0.37232141891544335,-0.3183367978345548,4
False,0,1,1,-1.4245687900521393,0.3579268742765221,-0.16305055498843063,2.296973955612069,-0.24744523620864953,-0.0879047638747286,-0.9831106152632285,0.7041746985825621,0.03217992091587624,0.1693353290278843,0.2252508645667918,-0.2945034568447342,0.37232141891544335,-0.16305055498843052,4
True,0,1,1,-1.49633547972731,0.38644898013379564,-0.08540743356536848,2.5731813486058046,-0.18390896373331325,-0.003919091769895939,-0.9933639539009627,0.8769204262647082,0.05222231822471652,0.09228684986960667,0.2772318333129745,-0.12992799566679428,0.3993159985423349,-0.08540743356536837,4
True,0,1,1,-1.4245687900521393,0.38644898013379564,-0.007764312142306325,2.3140613493444078,-0.11453708926218414,0.07357175959473149,-0.9051852416164488,0.851699527354243,0.0689352695026266,0.014645678501295337,0.2772318333129745,0.008661866377786504,0.3993159985423349,-0.007764312142306216,4
True,2,1,1,1.7331655556553733,0.38644898013379564,-0.27951523712302384,-1.185521592731438,-0.3573386499111362,-0.19764622018146477,0.8983770247609933,-0.8024041942417206,0.009832586856560176,0.28638977829038503,0.2772318333129745,-0.40710771975595605,0.3993159985423349,-0.27951523712302373,0
True,1,1,1,0.728431900202983,0.38644898013379564,0.34162973426147336,-0.7273507023108782,0.19763634585789674,0.4222805907355554,1.0849877879677554,-0.3025102139443702,0.14249839438992917,-0.3347395926561057,0.2772318333129745,0.56302131455611,0.3993159985423349,0.34162973426147347,0
True,1,1,1,0.8719652795533244,0.4419775069164925,-0.27951523712302384,-0.7935882357458365,-0.36789096012683153,-0.1857749250599492,0.3693047510539097,-0.6488164809671114,0.018457376794536923,0.28754868780426307,0.3465397916412182,-0.40710771975595605,0.45175261122873533,-0.27951523712302373,0
True,1,1,1,0.8001985898781537,0.4419775069164925,0.2639866128384112,-0.7539670405894668,0.11427652528689218,0.36052610732270435,1.0429490995530453,-0.3687064230410768,0.11819746767929379,-0.2559395117739163,0.3465397916412182,0.4677407844004604,0.45175261122873533,0.2639866128384113,0
False,1,1,1,-0.8504352726507735,0.4419775069164925,0.22516505212688012,0.9114282858218747,0.07983599061448336,0.3215046050096576,-0.3289476101757879,0.4210368003000137,0.1112322293784779,-0.2171189260897606,0.3465397916412182,0.41576958613374293,0.45175261122873533,0.22516505212688023,4
True,1,1,0,-0.061001686223895235,0.4419775069164925,-0.3959799192576171,-0.12405317780004894,-0.4712125641440582,-0.3028394319990894,-0.3207449392656005,-0.4494999667562948,-0.0035632392409209973,0.4040104448567301,0.3465397916412182,-0.6756255774673315,0.45175261122873533,-0.39597991925761694,4
True,1,1,1,0.08253169312644625,0.4955931957558773,0.30280817354994227,-0.2370274263119044,0.13508774409836927,0.41509585941715815,0.4995221517531338,-0.10088275440363996,0.11832133128853116,-0.2936347842991112,0.39852076038740086,0.5023882499116057,0.5022363184456577,0.3028081735499424,0
False,1,1,2,0.010765003451275509,0.4955931957558773,1.5839196770304678,-0.17323076609015475,1.2638707775393998,1.711651853726775,1.7596574703306644,0.6075170710439898,0.31030184144927975,-1.5747141118762482,0.39852076038740086,1.507164749734817,0.5022363184456577,1.5839196770304678,3
True,1,1,0,-1.1375020313514563,0.5217214539407034,-0.823017087084459,1.5553466785335972,-0.860173985300048,-0.7204976761505231,-1.195354725064326,-0.2705455257516429,-0.05874772080386187,0.8327128563795069,0.4331747395515223,-0.9528053015564931,0.5267865849993717,-0.8230170870844588,4
True,1,1,2,-0.5633685139500905,0.5217214539407034,1.0404178270690327,0.48674639281365145,0.7762287166150373,1.1716984866695048,0.5682195206259528,0.7126416807500029,0.222193227077666,-1.030675256459965,0.4331747395515223,1.1347044954900058,0.5267865849993717,1.040417827069033,3
False,1,1,0,0.2978317621519585,0.5474154073642402,-0.5900877228152724,-0.39594725435751277,-0.6595258759710159,-0.4794461475758393,-0.33612494722220176,-0.6878705695355651,-0.016561772956147656,0.6003322963795527,0.502482697879766,-0.8228773058896987,0.550895979004197,-0.5900877228152723,1
False,1,1,2,0.08253169312644625,0.5474154073642402,1.7392059198765921,-0.22051451606919095,1.3792879670050917,1.8935596414729332,2.017016270137792,0.6269136239058105,0.3058723674146254,-1.7289028446697874,0.502482697879766,1.645754611779398,0.550895979004197,1.7392059198765921,3
False,1,1,0,1.4460987969546903,0.5474154073642402,-1.5218051798920182,-1.040366772433844,-1.475051413161459,-1.4286484631953482,-1.2138107346122475,-1.334549113752995,-0.16125496410875784,1.5320263527992888,0.502482697879766,-1.4465316850903125,0.550895979004197,-1.5218051798920182,1
False,1,1,2,-0.061001686223895235,0.5474154073642402,0.9627747056459706,-0.08895107312665737,0.6996833526797227,1.102557711790009,1.0429490995530453,0.3210120452266091,0.20393885209854884,-0.9524911309866742,0.502482697879766,1.0307620989565704,0.550895979004197,0.9627747056459707,3
False,1,1,0,0.5848985208526415,0.5474154073642402,-1.5994483013150804,-0.5964672829800717,-1.5430118745939958,-1.5077486561636406,-1.44553618782504,-1.3289916286034322,-0.17378773494240093,1.6096675241676,0.502482697879766,-1.4985028833570304,0.550895979004197,-1.5994483013150804,1
False,1,1,2,0.010765003451275509,0.5474154073642402,0.9627747056459706,-0.15633616545503498,0.6996833526797227,1.102557711790009,1.1198491393360517,0.28104925670164,0.20393885209854884,-0.9524911309866742,0.502482697879766,1.0307620989565704,0.550895979004197,0.9627747056459707,3
True,1,2,0,-0.9939686520011148,0.5726883353523566,-0.6289092835268035,1.2533816330151613,-0.697220349729133,-0.5146592383168125,-1.0077186279937904,-0.19081130688734407,-0.017763152833930693,0.6396883469074158,0.5717906562080096,-0.8748485041564165,0.5745787542416975,-0.6289092835268034,4
True,1,2,2,-0.5633685139500905,0.5726883353523566,0.8074884627998463,0.5071778373141398,0.5560062164037294,0.953414014317109,0.37750742196409703,0.5584194188278664,0.1774209121289736,-0.7966733234063442,0.5717906562080096,0.8055535731341263,0.5745787542416975,0.8074884627998464,3
False,1,2,0,-1.3528021003769686,0.5975529326670247,-1.7547345441612048,2.201045024943478,-1.680014360404959,-1.6646821299278112,-1.7767190258238539,-1.2667670932768857,-0.17236055999911548,1.7660135111293505,0.6237716249541922,-1.6111071462682525,0.5978485074361245,-1.7547345441612048,1
True,1,2,2,-0.706901893300432,0.5975529326670247,1.4674549948958746,0.7344121704175801,1.1223908441435573,1.6390066203183997,0.7373996081485668,1.0786021443022369,0.2526360626122725,-1.45609510065557,0.6237716249541922,1.4118842195791679,0.5978485074361245,1.4674549948958746,3
True,1,2,0,0.36959845182712925,0.5975529326670247,-1.6770914227381426,-0.43462285222880737,-1.6124865241507782,-1.5850751720905534,-1.5634495821589829,-1.3658873122568682,-0.1610097091192386,1.688372339761039,0.6237716249541922,-1.5331503488681755,0.5978485074361245,-1.6770914227381426,1
False,1,2,2,-0.49160182427491966,0.5975529326670247,0.8851315842229084,0.41814280534725967,0.6159320722371988,1.041954436538964,0.5159274935735084,0.546240712438666,0.18208035895424332,-0.873786315393235,0.6237716249541922,0.9008341032897756,0.5978485074361245,0.8851315842229086,3
False,0,2,0,-1.4245687900521393,0.6220213428540093,-1.5606267406035494,2.456692912916684,-1.512244486057298,-1.4644233904775488,-1.6844389780842464,-0.978874585663421,-0.13424634229544732,1.5724316722195162,0.675752593700375,-1.4725172842236713,0.620718217279993,-1.5606267406035494,1
True,1,2,2,-0.2763017552494075,0.6220213428540093,0.8463100235113773,0.1619978670790979,0.5746101968380074,1.0110886405915789,0.7045889245078174,0.3710962179768329,0.1726406698314627,-0.8344446401981354,0.675752593700375,0.8315391722674855,0.620718217279993,0.8463100235113775,3
True,1,2,0,1.3025654176043489,0.6461051892664016,-1.7547345441612048,-0.9560283322942099,-1.6810539355072853,-1.6634490061395493,-1.5870322610257717,-1.4457351883781238,-0.1510180183363714,1.7670487881002495,0.7104065728644968,-1.6111071462682525,0.6432002806388951,-1.7547345441612048,1
False,1,2,2,-0.49160182427491966,0.6461051892664016,1.66156279845353,0.4371947679265326,1.271874337875743,1.8609601173732169,1.172141166388496,0.9797308993121675,0.2590887073797666,-1.6491627521054493,0.7104065728644968,1.59378341351268,0.6432002806388951,1.66156279845353,3
True,1,2,0,-0.7786685829756027,0.6698156039545032,-0.3959799192576171,0.8857871416620375,-0.5106331127662247,-0.2568598156292402,-0.7308784847749676,-0.1466189036936664,0.023929324403763493,0.408835755017357,0.7450605520286187,-0.6756255774673315,0.6653065461746884,-0.39597991925761694,4
True,1,2,2,-0.49160182427491966,0.6698156039545032,1.4286334341843434,0.4465284377856269,1.0617528722059453,1.6311768423185267,0.9752770645439996,0.8449853883759316,0.22734370773761162,-1.4157317721379594,0.7450605520286187,1.368574887690236,0.6653065461746884,1.4286334341843434,3
False,1,2,0,-0.9939686520011148,0.6931632545947785,-1.4829836191804873,1.3119988179324789,-1.4485627173136382,-1.3802156621280284,-1.5716522530691703,-1.0305333177055995,-0.10072595479486532,1.4963130719067652,0.7970415207748014,-1.42920795233474,0.6870483456030809,-1.4829836191804873,1
False,1,2,2,-0.7786685829756027,0.6931632545947785,1.8168490412996543,0.896135859888494,1.386691854917676,2.044461696488547,0.9055543618074072,1.3318269870546153,0.261006338519737,-1.8034367112464662,0.7970415207748014,1.6804020772905433,0.6870483456030809,1.8168490412996543,3
False,1,2,0,0.6566652105278122,0.6931632545947785,-0.5512661621037414,-0.6018930833924719,-0.6480202498600905,-0.41324793734217175,-0.1074754956007296,-0.7635108553068697,0.008053402468269251,0.5646190154870292,0.7970415207748014,-0.7622442412451946,0.6870483456030809,-0.5512661621037412,1
True,1,2,2,-0.49160182427491966,0.6931632545947785,0.9239531449344395,0.4557383779922372,0.6195053236080263,1.1177842935687676,0.5487381772142579,0.5487087860462996,0.1692651200533,-0.9105632405108859,0.7970415207748014,0.9701290343120661,0.6870483456030809,0.9239531449344396,3
True,1,2,0,-0.3480684449245782,0.7161583696144663,-1.0947680120651764,0.28081837203157656,-1.1171428222749296,-0.9747206457769546,-1.1123026820986792,-0.8654670991578759,-0.05015436292463045,1.108601751506934,0.9356574374312883,-1.1000570299788603,0.708436522780907,-1.0947680120651764,1
False,1,2,2,-0.3480684449245782,0.7161583696144663,1.5450981163189368,0.28081837203157656,1.1444479393638343,1.7730322521590514,1.258269210945463,0.7838966716633857,0.22786838081742897,-1.5311980750156515,0.9356574374312883,1.4725172842236718,0.708436522780907,1.5450981163189368,3
False,1,2,0,0.2978317621519585,0.7161583696144663,-1.288875815622832,-0.34507865263206083,-1.283436260630721,-1.176761300036955,-1.1297333577828272,-1.1185207188420907,-0.07216964315679707,1.3027046799277122,0.9356574374312883,-1.1866756937567233,0.708436522780907,-1.288875815622832,1
False,1,2,2,0.010765003451275509,0.7161583696144663,1.4674549948958746,-0.10077088325441537,1.0779305640215175,1.692215990455051,1.6396934082691745,0.5022995164938125,0.22020827239493188,-1.4535569036473401,0.9356574374312883,1.4118842195791679,0.708436522780907,1.4674549948958746,3
True,1,2,0,0.36959845182712925,0.7161583696144663,-1.1724111334882386,-0.39952780944515454,-1.1836601976172463,-1.0555369074809549,-0.976958612080588,-1.0578259107739163,-0.05893206286909363,1.1862429228752454,0.9356574374312883,-1.1260426291122194,0.708436522780907,-1.1724111334882386,1
True,1,2,2,-0.061001686223895235,0.7161583696144663,1.0015962663575015,-0.03207290546475842,0.678826311967618,1.20731842023105,1.0819117863764351,0.30829216189606384,0.17363527604280257,-0.9877098754374722,0.9356574374312883,1.0913951636010744,0.708436522780907,1.0015962663575018,3
True,1,2,0,0.5848985208526415,0.7161583696144663,-1.327697376334363,-0.5495632643166287,-1.3166949483018795,-1.2171694308889554,-1.1082013466435854,-1.1755122566414196,-0.07660127534819551,1.341525265611868,0.9356574374312883,-1.229985025645655,0.708436522780907,-1.327697376334363,1
True,1,2,2,-0.8504352726507735,0.7161583696144663,1.5062765556074056,1.0357397052231192,1.1111892516926758,1.732624121307051,0.5846248624463275,1.2189146296523283,0.2240419122532896,-1.4923774893314958,0.9356574374312883,1.446531685090313,0.708436522780907,1.5062765556074056,3
False,1,2,0,-0.13276837589906598,0.7161583696144663,-1.9100207870073291,0.040142102866038164,-1.8155752633692537,-1.8232913936689563,-1.8413150592415792,-1.513995486716914,-0.14425433481539607,1.923834050874203,0.9356574374312883,-1.7150495428016879,0.708436522780907,-1.9100207870073291,1
True,1,2,2,-0.6351352036252612,0.7161583696144663,1.0792393877805637,0.6718062332491962,0.7453436873099347,1.28813468193505,0.5200288290286021,0.7508168214560625,0.18147145180699595,-1.0653510468057836,0.9356574374312883,1.1693519610011511,0.708436522780907,1.079239387780564,3
False,1,2,0,-0.3480684449245782,0.7161583696144663,-1.9100207870073291,0.28081837203157656,-1.8155752633692537,-1.8232913936689563,-1.8443910608328995,-1.511329848506752,-0.14425433481539607,1.923834050874203,0.9356574374312883,-1.7150495428016879,0.708436522780907,-1.9100207870073291,1
True,1,2,2,-0.6351352036252612,0.7161583696144663,0.8851315842229084,0.6718062332491962,0.5790502489541434,1.0860940276750495,0.3662287494625895,0.6318355359581923,0.16182443764150564,-0.8712481183850052,0.9356574374312883,0.9008341032897756,0.708436522780907,0.8851315842229086,3
True,1,2,0,1.230798727929178,0.7388107616541847,-0.5900877228152724,-0.9012838837321168,-0.6881213461751017,-0.44534349716141347,0.13040196079470334,-0.8888963013290877,0.008174360751286068,0.604422453305374,1.0569463645057147,-0.8228773058896987,0.7294814607999606,-0.5900877228152723,1
True,1,2,2,-0.706901893300432,0.7388107616541847,1.2733471913382193,0.7950767672415391,0.9037130833544663,1.4998304832173885,0.5887261979014211,0.9266802443577503,0.1965769435425683,-1.2589656595340981,1.0569463645057147,1.2819562239123734,0.7294814607999606,1.2733471913382193,3
False,0,2,0,-1.4245687900521393,0.7831246785885315,-1.7547345441612048,2.5557909294402354,-1.6839469985634283,-1.6599354632666916,-1.781845695142721,-1.2591872681109602,-0.10675363269440602,1.7699986055128745,1.0916003436698365,-1.6111071462682525,0.7705809977811208,-1.7547345441612048,1
True,1,2,2,-0.5633685139500905,0.7831246785885315,1.66156279845353,0.5925110052549825,1.2180633650314832,1.9263120148083706,1.076785117057568,1.0081904477502408,0.22379568932349989,-1.6462129346928247,1.0916003436698365,1.59378341351268,0.7705809977811208,1.66156279845353,3
False,1,2,0,0.8001985898781537,0.8680302918356354,-0.9394817692190521,-0.6418331516868306,-1.0005896661563158,-0.7926744850650821,-0.5463183892957525,-1.0015502833814518,-0.012789106071849328,0.9566152549023619,1.1262543228339583,-1.0394239653343562,0.8490724900490277,-0.939481769219052,1
True,1,2,2,-0.20453506557423673,0.8680302918356354,0.9627747056459706,0.17065905711991927,0.5980245630483273,1.225795781601758,0.8891490199870326,0.3418454813587842,0.15072936475149779,-0.9455934436212662,1.1262543228339583,1.0307620989565704,0.8490724900490277,0.9627747056459707,3
False,1,2,0,0.22606507247678773,0.8885277211618321,-1.1724111334882386,-0.23424204109195265,-1.1980274518489582,-1.0376958475130458,-1.0179719666315248,-1.046263965470749,-0.031058361725812843,1.189987566903896,1.1609083019980801,-1.1260426291122194,0.8679716822246547,-1.1724111334882386,1
True,1,2,2,-0.41983513459974897,0.8885277211618321,1.7392059198765921,0.4370835249865925,1.242496920118992,2.0598179412666195,1.3351692507284694,0.9012682931329214,0.21031819421833747,-1.7215563594077792,1.1609083019980801,1.645754611779398,0.8679716822246547,1.7392059198765921,3
True,1,2,0,-0.20453506557423673,0.908748320052017,-0.900660208507521,0.1853991856290839,-0.9724878325914587,-0.7457408978547492,-0.8826278966134335,-0.7829999680269393,-0.005377510301877338,0.9186871357802855,1.2302162603263236,-1.0134383662009974,0.8865968203711472,-0.9006602085075209,1
False,1,2,2,-0.49160182427491966,0.908748320052017,0.49691597710759766,0.5416800922614808,0.19597365867381233,0.7448706043668605,0.18782065716601476,0.2471839997842912,0.10977395345175509,-0.47885394884931853,1.2302162603263236,0.7016111766006906,0.8865968203711472,0.49691597710759783,3
False,1,2,0,0.08253169312644625,0.908748320052017,-1.444162058468956,-0.10319055634986762,-1.4268895236390642,-1.3254231487187085,-1.3460788030390185,-1.1998455564848391,-0.05196967829511937,1.4621753353584648,1.2302162603263236,-1.3945604868235948,0.8865968203711472,-1.444162058468956,1
False,1,2,2,-0.7786685829756027,0.908748320052017,0.9627747056459706,0.9926821139008761,0.5854608224289025,1.241741105107397,0.27394870172298186,0.7607001853852531,0.14676097042056524,-0.9447009770591865,1.2302162603263236,1.0307620989565704,0.8865968203711472,0.9627747056459707,3
False,1,2,0,-0.20453506557423673,0.908748320052017,-1.5606267406035494,0.1853991856290839,-1.5242613145778368,-1.4496407739038426,-1.5101322212427652,-1.2484214499900015,-0.062093296834668694,1.5786370924109319,1.2302162603263236,-1.4725172842236713,0.8865968203711472,-1.5606267406035494,1
False,1,2,2,-0.20453506557423673,0.908748320052017,1.622741237741999,0.1853991856290839,1.1372343044152806,1.945640981156491,1.5166533446163644,0.6754609999508246,0.19804021073733227,-1.604650933689833,1.2302162603263236,1.5504740816237483,0.8865968203711472,1.622741237741999,3
True,1,2,0,0.9437319692284951,0.9286989965447178,-1.444162058468956,-0.7078357955375421,-1.4279517135735529,-1.3240646885665492,-1.1861267202903651,-1.2778758138330086,-0.0490167206090489,1.462613990711393,1.316851208236628,-1.3945604868235948,0.9049550999797666,-1.444162058468956,1
True,1,2,2,-0.6351352036252612,0.9286989965447178,1.3898118734728124,0.7616255776992137,0.9354639275865009,1.70619246717743,0.7661089563342224,0.8834084887399225,0.1775196011985405,-1.371288764231971,1.316851208236628,1.3339274221790909,0.9049550999797666,1.3898118734728124,3
False,1,2,0,1.3743321072795196,0.9286989965447178,-1.3665189370458939,-0.9219905269015111,-1.363200600117113,-1.2410439445735637,-0.9872119507183221,-1.2689411785137215,-0.042464037481402636,1.3849728193430817,1.316851208236628,-1.2732943575345865,0.9049550999797666,-1.3665189370458939,1
False,1,2,2,-0.8504352726507735,0.9286989965447178,0.7298453413767841,1.1341326056260064,0.3850794632067623,1.000516143237051,0.030944576008681817,0.6709623734544754,0.1269611508063397,-0.7113388076013246,1.316851208236628,0.7795679740007676,0.9049550999797666,0.7298453413767843,3
False,1,2,0,1.4460987969546903,1.0246285288571986,-1.405340497757425,-0.9312705215993122,-1.4010291051325097,-1.275477674154828,-1.0323266407243525,-1.2940505405488871,-0.03363052092726017,1.4259152766145233,1.3688321769828107,-1.3339274221790907,0.9929772466720697,-1.405340497757425,1
False,1,2,2,-0.2763017552494075,1.0246285288571986,1.5450981163189368,0.3105800833953979,1.02991148693896,1.917726656404155,1.3505492586850707,0.6604398441603673,0.17717257096233796,-1.524449235381307,1.3688321769828107,1.4725172842236718,0.9929772466720697,1.5450981163189368,3
True,1,2,0,-0.13276837589906598,1.0971338001859432,-0.7065524049498657,0.17495711691704854,-0.8345830829387213,-0.5068601464696129,-0.6652571174934689,-0.694870284404967,0.022023373607732995,0.7287624927810294,1.4034861561469323,-0.9008341032897754,1.0592341039602224,-0.7065524049498656,1
True,1,2,2,-0.49160182427491966,1.0971338001859432,1.3898118734728124,0.6181222495833045,0.8769652569828815,1.7828063039920292,0.9424663809032503,0.7233543083199788,0.15964985291600006,-1.3675491341633763,1.4034861561469323,1.3339274221790909,1.0592341039602224,1.3898118734728124,3
False,1,2,0,0.5131318311774707,1.11471569693659,-1.3665189370458939,-0.38564724769753495,-1.3744542629360064,-1.2262727473137685,-1.1717720461975374,-1.2072941721247876,-0.021649605721120225,1.3891065704179923,1.4381401353110541,-1.2732943575345865,1.0752659898230073,-1.3665189370458939,1
True,1,2,2,-0.706901893300432,1.11471569693659,1.4674549948958746,0.9601719544522744,0.9341935525054342,1.8758709017612138,0.7373996081485668,0.94813963885717,0.16294499553042038,-1.4447961845253716,1.4381401353110541,1.4118842195791679,1.0752659898230073,1.4674549948958746,3
True,1,2,0,0.154298382801617,1.1320894932051113,-0.43480147996914814,-0.0941432895569136,-0.6181385095020434,-0.20276507595515933,-0.2397435640275005,-0.6212969027984317,0.04137421627559556,0.45780267392241153,1.472794114475176,-0.7275967757340494,1.0910948635178646,-0.43480147996914803,1
False,1,2,2,-0.6351352036252612,1.1320894932051113,1.8168490412996543,0.8491447550516058,1.21212650611912,2.267342565501667,1.1044691313794504,1.070182957011758,0.18268424268312683,-1.7937912957586175,1.472794114475176,1.6804020772905433,1.0910948635178646,1.8168490412996543,3
True,1,2,0,1.0872653485788366,1.1662308895717224,-1.0171248906421142,-0.7238974539154217,-1.0947256405921955,-0.8371908418518655,-0.5504197247508461,-1.0932681137149278,0.005341252505879065,1.0408802087744693,1.5074480936392978,-1.065409564467715,1.1221620998861206,-1.0171248906421142,1
False,1,2,2,-0.7786685829756027,1.1662308895717224,0.691023780665253,1.1103577570304926,0.2878062618962014,1.0447417430414678,0.07298326442339195,0.5303999061861974,0.11183162686295578,-0.6672255613283801,1.5074480936392978,0.7535823748674085,1.1221620998861206,0.6910237806652532,3
True,1,2,0,0.154298382801617,1.1995927877996213,-1.288875815622832,-0.07183970358478106,-1.3169072080508921,-1.133536413347882,-1.1645947091511235,-1.1239508875440023,-0.009584545299064776,1.3133781300293967,1.5594290623854805,-1.1866756937567233,1.152471362151692,-1.288875815622832,1
True,1,2,2,-0.20453506557423673,1.1995927877996213,1.3509903127612812,0.2922580334414781,0.8107997639071871,1.7871160313444159,1.258269210945463,0.47620894913892603,0.14904637842549992,-1.3264216964931888,1.5594290623854805,1.307941823045732,1.152471362151692,1.3509903127612812,3
True,1,2,0,-0.3480684449245782,1.1995927877996213,-1.0559464513536454,0.4660715983771965,-1.1291683575840028,-0.8758317858750322,-1.077441330730383,-0.8758989816144757,0.004917796391980807,1.0804546159244628,1.5594290623854805,-1.0827332972232877,1.152471362151692,-1.0559464513536452,1
True,1,2,2,-0.49160182427491966,1.1995927877996213,0.7298453413767841,0.6602300425297506,0.31016282932881567,1.0999036914168165,0.38468475901051097,0.33031678112113977,0.11281299422950261,-0.7052923255466981,1.5594290623854805,0.7795679740007676,1.152471362151692,0.7298453413767843,3
False,1,2,0,-0.41983513459974897,1.3557875135245567,-1.6382698620266116,0.6235893230792092,-1.6033677139238043,-1.5133011527253815,-1.6085642721650133,-1.298924580995615,-0.018512780249646782,1.6663274240190311,1.6114100311316633,-1.515826616112603,1.2937437253127562,-1.6382698620266116,1
True,1,2,2,-0.061001686223895235,1.3557875135245567,1.5839196770304678,0.1915442445906189,0.9433444961609987,2.12208195465371,1.6663520887272834,0.46722307635268023,0.15084037885971202,-1.5557811877658896,1.6114100311316633,1.507164749734817,1.2937437253127562,1.5839196770304678,3
True,1,2,0,0.5848985208526415,1.4558408598381702,-1.327697376334363,-0.3351173006585155,-1.3640017631825279,-1.1540851715922462,-1.1082013466435854,-1.2072001596475925,0.003883842559695698,1.358076138661324,1.646064010295785,-1.229985025645655,1.383702610285145,-1.327697376334363,1
True,1,2,2,-0.2763017552494075,1.4558408598381702,1.118060948492095,0.475722386877138,0.545024976507891,1.6400213430645505,0.9557957211323047,0.35169222889946616,0.12283104849041633,-1.087620759440483,1.646064010295785,1.1953375601345102,1.383702610285145,1.118060948492095,3
True,1,2,0,0.44136514150229994,1.5363431027374213,-0.86183864779599,-0.20336379872871435,-1.0088542460550904,-0.6093425751826704,-0.5873317438466892,-0.9502852521006104,0.029538985939375074,0.8941078925128001,1.680717989459907,-0.9874527670676383,1.4557858230849956,-0.8618386477959898,1
False,1,2,2,-0.49160182427491966,1.5363431027374213,0.9239531449344395,0.8013077482675002,0.37111241213508067,1.451386698730228,0.5487381772142579,0.3741208546467355,0.11106497510880509,-0.8916390489583607,1.680717989459907,0.9701290343120661,1.4557858230849956,0.9239531449344396,3
False,1,2,0,-0.49160182427491966,1.6729734955974942,-1.2500542549113007,0.8597367292027986,-1.3179504218543976,-1.0434997805895752,-1.288660106667707,-1.0129153578703642,0.01667104527459833,1.2855384433666277,1.7153719686240287,-1.152028228245578,1.5775331273935385,-1.2500542549113007,1
False,1,2,2,-0.6351352036252612,1.6729734955974942,1.2733471913382193,1.0895113873814493,0.5991289890950986,1.9183326280515245,0.6738289085946149,0.646355480946458,0.12146962491308647,-1.2377996261034905,1.7153719686240287,1.2819562239123734,1.5775331273935385,1.2733471913382193,3
